problem_index,llm_response,llm_response2,llm_response3
474,"The number line shows the interval from -2 to 1.
In interval notation, this is written as [-2, 1].

Final Answer: The final answer is $\boxed{[-2, 1]}$","The number line shows the interval from -2 to 1.
In interval notation, this is written as [-2, 1].

Final Answer: The final answer is $\boxed{[-2, 1]}$","The number line shows the interval from -2 to 1.
In interval notation, this is written as [-2, 1].

Final Answer: The final answer is $\boxed{[-2, 1]}$"
475,"Here's how to represent the set of numbers on the number line in interval notation:

*   **The number line starts at 4.**
*   **The arrow goes to the left, indicating that the numbers extend infinitely to the left.**

Therefore, the interval notation is:

**\[4, \infty)**","Here's how to represent the set of numbers on the number line in interval notation:

*   **The number line starts at 4.**
*   **The arrow goes to the left, indicating that the numbers extend infinitely to the left.**

Therefore, the interval notation is:

**\[4, \infty)**","Here's how to represent the set of numbers on the number line in interval notation:

*   **The number line starts at 4.**
*   **The arrow goes to the left, indicating that the numbers extend infinitely to the left.**

Therefore, the interval notation is:

**\[4, \infty)**"
476,"Here's how to determine if the relation is a function using the vertical line test:

**Understanding the Vertical Line Test**

The vertical line test is a simple way to determine if a graph represents a function.  If you can draw any vertical line that intersects the graph at more than one point, then the graph does *not* represent a function.

**Applying the Test to the Graph**

1.  **Draw Vertical Lines:** Imagine drawing vertical lines across the graph at various points (e.g., x = -2, x = 1, x = 3).

2.  **Observe Intersections:**
    *   At x = -2, the vertical line intersects the graph at two points.
    *   At x = 1, the vertical line intersects the graph at two points.
    *   At x = 3, the vertical line intersects the graph at two points.

**Conclusion**

Since the vertical line intersects the graph at more than one point for several values of x, the graph does *not* represent a function.

**Therefore, the answer is B: This is not a function.**","Here's how to determine if the relation is a function using the vertical line test:

**Understanding the Vertical Line Test**

The vertical line test is a simple way to determine if a graph represents a function.  If you can draw any vertical line that intersects the graph at more than one point, then the graph does *not* represent a function.

**Applying the Test to the Graph**

1.  **Draw Vertical Lines:** Imagine drawing vertical lines across the graph at various points (e.g., x = -2, x = 1, x = 3).

2.  **Observe Intersections:**
    *   At x = -2, the vertical line intersects the graph at two points.
    *   At x = 1, the vertical line intersects the graph at two points.
    *   At x = 3, the vertical line intersects the graph at two points.

**Conclusion**

Since the vertical line intersects the graph at more than one point for several values of x, the graph does *not* represent a function.

**Therefore, the answer is B: This is not a function.**","Here's how to determine if the relation is a function using the vertical line test:

**Understanding the Vertical Line Test**

The vertical line test is a simple way to determine if a graph represents a function.  If you can draw any vertical line that intersects the graph at more than one point, then the graph does *not* represent a function.

**Applying the Test to the Graph**

1.  **Draw Vertical Lines:** Imagine drawing vertical lines across the graph at various points (e.g., x = -2, x = 1, x = 3).

2.  **Observe Intersections:**
    *   At x = -2, the vertical line intersects the graph at two points.
    *   At x = 1, the vertical line intersects the graph at two points.
    *   At x = 3, the vertical line intersects the graph at two points.

**Conclusion**

Since the vertical line intersects the graph at more than one point for several values of x, the graph does *not* represent a function.

**Therefore, the answer is B: This is not a function.**"
477,"Here's how to determine if the relation is a function using the vertical line test:

**The Vertical Line Test**

The vertical line test is a simple way to determine if a graph represents a function.  If you can draw any vertical line that intersects the graph at more than one point, then the graph does *not* represent a function.

**Applying the Test to the Graph**

In the given graph, we can draw a vertical line that intersects the curve at more than one point.  For example, a vertical line through x = 2 would intersect the curve at two different y-values.

**Conclusion**

Therefore, the relation is **not a function** (B).","Here's how to determine if the relation is a function using the vertical line test:

**The Vertical Line Test**

The vertical line test is a simple way to determine if a graph represents a function.  If you can draw any vertical line that intersects the graph at more than one point, then the graph does *not* represent a function.

**Applying the Test to the Graph**

In the given graph, we can draw a vertical line that intersects the curve at more than one point.  For example, a vertical line through x = 2 would intersect the curve at two different y-values.

**Conclusion**

Therefore, the relation is **not a function** (B).","Here's how to determine if the relation is a function using the vertical line test:

**The Vertical Line Test**

The vertical line test is a simple way to determine if a graph represents a function.  If you can draw any vertical line that intersects the graph at more than one point, then the graph does *not* represent a function.

**Applying the Test to the Graph**

In the provided graph, you can draw a vertical line that intersects the curve at more than one point. For example, a vertical line through x = 2 would intersect the curve at two different y-values.

**Conclusion**

Therefore, the relation is **not a function** (B)."
478,"Here's how to determine if the relation is a one-to-one function:

**Understanding One-to-One Functions**

A function is one-to-one (or injective) if each element in the domain (input) corresponds to exactly one element in the range (output).  In simpler terms, no two different inputs can produce the same output.

**Analyzing the Graph**

1. **Horizontal Line Test:** A quick way to check for one-to-one functions is the horizontal line test. If any horizontal line intersects the graph more than once, the function is not one-to-one.

2. **The Ellipse:** The graph shows an ellipse.  Ellipses are *not* one-to-one functions.  You can easily see this by drawing a horizontal line (like y = 2) that intersects the ellipse at two different points.

**Conclusion**

Therefore, the answer is **B: This is not a one-to-one function**.","Here's how to determine if the relation is a one-to-one function:

**Understanding One-to-One Functions**

A function is one-to-one (or injective) if each element in the domain (input) corresponds to exactly one element in the range (output).  In simpler terms, no two different inputs can produce the same output.

**Analyzing the Graph**

1. **Horizontal Line Test:** A quick way to check for one-to-one is the horizontal line test. If any horizontal line intersects the graph more than once, the function is not one-to-one.

2. **The Ellipse:** The graph shows an ellipse.  Ellipses are *not* one-to-one functions.  You can easily see this by drawing a horizontal line (like y = 2) that intersects the ellipse at two different points.

**Conclusion**

Therefore, the answer is **B: This is not a one-to-one function**.","Here's how to determine if the relation is a one-to-one function:

**Understanding One-to-One Functions**

A function is one-to-one (or injective) if each element in the domain (input) corresponds to exactly one element in the range (output).  In simpler terms, no two different inputs can produce the same output.

**Analyzing the Graph**

1. **Horizontal Line Test:** A quick way to check for one-to-one is the horizontal line test. If any horizontal line intersects the graph more than once, the function is not one-to-one.

2. **The Ellipse:** The graph shows an ellipse.  Ellipses are *not* one-to-one functions.  You can easily see this by drawing a horizontal line (like y = 2) that intersects the ellipse at two different points.

**Conclusion**

Therefore, the answer is **B: This is not a one-to-one function**."
479,"Here's how to determine if the relation is a one-to-one function based on the graph:

**Understanding One-to-One Functions**

A function is one-to-one (or injective) if each input (x-value) has a unique output (y-value).  In simpler terms, no two different inputs can produce the same output.  Graphically, a one-to-one function passes the ""horizontal line test.""  If you can draw any horizontal line across the graph and it will intersect the graph at most once, then the function is one-to-one.

**Analyzing the Graph**

Looking at the graph:

*   The curve appears to increase as x increases.
*   There are no horizontal lines that intersect the curve at more than one point.

**Conclusion**

Therefore, the relation is a one-to-one function.

**Answer:** A","Here's how to determine if the relation is a one-to-one function based on the graph:

**Understanding One-to-One Functions**

A function is one-to-one (or injective) if each input (x-value) has a unique output (y-value).  In simpler terms, no two different inputs can produce the same output.  Graphically, a one-to-one function passes the ""horizontal line test.""  If you can draw any horizontal line across the graph and it will intersect the graph at most once, then the function is one-to-one.

**Analyzing the Graph**

Looking at the graph:

*   The curve appears to increase as x increases.
*   There are no horizontal lines that intersect the curve at more than one point.

**Conclusion**

Therefore, the relation is a one-to-one function.

**Answer:** A","Here's how to determine if the relation is a one-to-one function based on the graph:

**Understanding One-to-One Functions**

A function is one-to-one (or injective) if each input (x-value) has a unique output (y-value).  In simpler terms, no two different inputs can produce the same output.  Graphically, a one-to-one function passes the ""horizontal line test"": if you can draw any horizontal line across the graph and it will intersect the graph at most once, then the function is one-to-one.

**Analyzing the Graph**

Looking at the graph:

*   The curve appears to be increasing as x increases.
*   If you draw a horizontal line anywhere across the graph, it will intersect the curve at most once.

**Conclusion**

Therefore, the relation is a one-to-one function.

**Answer:** A"
480,"Here's how to determine if the relation is a one-to-one function based on the graph:

**Understanding One-to-One Functions**

A function is one-to-one (or injective) if each input (x-value) has a unique output (y-value).  In simpler terms, no two different x-values can map to the same y-value.  Graphically, this means that if you draw a horizontal line across the graph, it can intersect the graph at most once.

**Analyzing the Graph**

1. **Look for Horizontal Lines:**  Draw a horizontal line at y = 0.  Notice that this line intersects the curve at two points:  x = -π and x = π.

2. **Conclusion:** Since the horizontal line intersects the curve at more than one point, the function is *not* one-to-one.

**Answer:**

B: This is not a one-to-one function","Here's how to determine if the relation is a one-to-one function based on the graph:

**Understanding One-to-One Functions**

A function is one-to-one (or injective) if each input (x-value) has a unique output (y-value).  In simpler terms, no two different x-values can map to the same y-value.  Graphically, this means that if you draw a horizontal line across the graph, it can intersect the graph at most once.

**Analyzing the Graph**

1. **Look for Horizontal Lines:**  Draw a horizontal line at y = 0.  Notice that this line intersects the curve at two points:  x = -π and x = π.

2. **Conclusion:** Since the horizontal line intersects the curve at more than one point, the function is *not* one-to-one.

**Answer:**

B: This is not a one-to-one function","Here's how to determine if the relation is a one-to-one function based on the graph:

**Understanding One-to-One Functions**

A function is one-to-one (or injective) if each input (x-value) has a unique output (y-value).  In other words, no two different x-values can map to the same y-value.  Graphically, this means that if you draw a horizontal line across the graph, it can intersect the graph at most once.

**Analyzing the Graph**

1. **Look for Horizontal Lines:**  In the graph, we can draw a horizontal line (e.g., y = 0) and observe where it intersects the curve.

2. **Multiple Intersections:**  Notice that the horizontal line y = 0 intersects the curve at *two* different points: at x = -π and at x = 2π/3.

**Conclusion**

Since the horizontal line intersects the curve at more than one point, the relation is **not** a one-to-one function.

**Therefore, the answer is B: This is not a one-to-one function.**"
481,"Here's how to determine the domain and range of the function f from the graph:

**Domain:**

The domain is the set of all possible x-values for which the function is defined.  Looking at the graph, we can see that the function is defined for all x-values from -3 to 2 (excluding -3).

*   Domain: [-3, 2)

**Range:**

The range is the set of all possible y-values (f(x)) that the function can take.  From the graph, we can see that the function's values range from -4 to 0 (excluding -4).

*   Range: [-4, 0)

**In summary:**

*   Domain: [-3, 2)
*   Range: [-4, 0)","Here's how to determine the domain and range of the function f from the graph:

**Domain:**

The domain is the set of all possible x-values for which the function is defined.  Looking at the graph, we can see that the function is defined for all x-values from -3 to 2 (excluding -3).

*   Domain: [-3, 2)

**Range:**

The range is the set of all possible y-values (f(x)) that the function can take.  From the graph, we can see that the function's values range from -4 to 0 (excluding -4).

*   Range: [-4, 0)

**In summary:**

*   Domain: [-3, 2)
*   Range: [-4, 0)","Here's how to determine the domain and range of the function f from the graph:

**Domain:**

The domain is the set of all possible x-values for which the function is defined.  Looking at the graph, we can see that the function is defined for all x-values from -3 to 2 (excluding -3).

*   Domain: [-3, 2)

**Range:**

The range is the set of all possible y-values (f(x)) that the function can take.  From the graph, we can see that the function's values range from -4 to 0 (excluding -4).

*   Range: [-4, 0)

**In summary:**

*   Domain: [-3, 2)
*   Range: [-4, 0)"
482,"Here's how to determine the domain and range of the function represented by the line in the graph:

**1. Finding the Equation of the Line**

*   **Slope (m):**  We can use the two points (2, 8) and (8, 6) to calculate the slope:
    m = (y₂ - y₁) / (x₂ - x₁) = (6 - 8) / (8 - 2) = -2 / 6 = -1/3

*   **Point-Slope Form:**  Using the point-slope form of a line (y - y₁ = m(x - x₁)), we can use the point (2, 8) and the slope -1/3:
    y - 8 = (-1/3)(x - 2)

*   **Slope-Intercept Form (y = mx + b):**  Let's convert this to slope-intercept form:
    y - 8 = (-1/3)x + 2/3
    y = (-1/3)x + 2/3 + 8
    y = (-1/3)x + 26/3

**2. Domain**

*   The domain of a linear function is all real numbers.  The line extends infinitely to the left and right.
*   **Domain: (-∞, ∞)**

**3. Range**

*   The range of a linear function is all real numbers.  The line extends infinitely up and down.
*   **Range: (-∞, ∞)**

**Important Note:**  The ""hollow point"" is a visual representation of a point on the graph, but it doesn't affect the domain or range of the function.  The domain and range are determined by the set of all possible x and y values that the function can produce.","Here's how to determine the domain and range of the function represented by the line in the graph:

**1. Finding the Equation of the Line**

*   **Slope:** The slope (m) of the line is calculated as:
    m = (y2 - y1) / (x2 - x1) = (6 - 8) / (8 - 2) = -2 / 6 = -1/3
*   **Point-Slope Form:** Using the point (2, 8) and the slope m = -1/3, we can write the equation in point-slope form:
    y - y1 = m(x - x1)
    y - 8 = (-1/3)(x - 2)
*   **Slope-Intercept Form:**  Let's convert this to slope-intercept form (y = mx + b):
    y - 8 = (-1/3)x + 2/3
    y = (-1/3)x + 2/3 + 8
    y = (-1/3)x + 26/3

**2. Domain**

*   The domain of a linear function is all real numbers.  The line extends infinitely to the left and right.
*   **Domain: (-∞, ∞)**

**3. Range**

*   The range of a linear function is all real numbers.  The line extends infinitely up and down.
*   **Range: (-∞, ∞)**

**Important Note:** The graph shows the line extending infinitely in both directions, so the domain and range are both all real numbers.","Here's how to determine the domain and range of the function represented by the line in the graph:

**1. Find the Equation of the Line**

*   **Slope (m):**  Use the two points (2, 8) and (8, 6) to calculate the slope:
    m = (y₂ - y₁) / (x₂ - x₁) = (6 - 8) / (8 - 2) = -2 / 6 = -1/3

*   **Point-Slope Form:** Use the slope and one of the points (let's use (2, 8)) to write the equation in point-slope form:
    y - y₁ = m(x - x₁)
    y - 8 = (-1/3)(x - 2)

*   **Slope-Intercept Form (y = mx + b):**  Solve for y to get the slope-intercept form:
    y - 8 = (-1/3)x + 2/3
    y = (-1/3)x + 2/3 + 8
    y = (-1/3)x + 26/3

**2. Domain**

*   The domain of a linear function is all real numbers.  The line extends infinitely in both the positive and negative x-directions.
*   **Domain: (-∞, ∞)**

**3. Range**

*   The range of a linear function is all real numbers.  The line extends infinitely in both the positive and negative y-directions.
*   **Range: (-∞, ∞)**

**In summary:**

*   **Domain:** (-∞, ∞)
*   **Range:** (-∞, ∞)"
483,"Here's how to determine the domain and range of the function based on the graph:

**Domain:**

*   The domain is the set of all possible x-values for which the function is defined.
*   Looking at the graph, the curve extends from x = -4 to x = 4.
*   Since the points (-4,0) and (4,0) are solid, the function is defined at these values.
*   Therefore, the domain is [-4, 4].

**Range:**

*   The range is the set of all possible y-values that the function can take.
*   From the graph, the curve starts at y = 0 and reaches a maximum value of y = 2.
*   The curve then decreases back to y = 0.
*   Therefore, the range is [0, 2].

**In interval notation:**

*   Domain: [-4, 4]
*   Range: [0, 2]","Here's how to determine the domain and range of the function based on the graph:

**Domain:**

*   The domain is the set of all possible x-values for which the function is defined.
*   Looking at the graph, the curve extends from x = -4 to x = 4.
*   Since the points (-4, 0) and (4, 0) are solid, the function is defined at these values.
*   Therefore, the domain is [-4, 4].

**Range:**

*   The range is the set of all possible y-values that the function can take.
*   From the graph, the curve starts at y = 0 and reaches a maximum value of y = 2.
*   The curve then decreases back to y = 0.
*   Therefore, the range is [0, 2].

**In interval notation:**

*   Domain: [-4, 4]
*   Range: [0, 2]","Here's how to determine the domain and range of the function based on the graph:

**Domain:**

*   The domain is the set of all possible x-values for which the function is defined.
*   Looking at the graph, the curve extends from x = -4 to x = 4.
*   Since the points (-4, 0) and (4, 0) are solid, the function is defined at these values.
*   Therefore, the domain is [-4, 4].

**Range:**

*   The range is the set of all possible y-values that the function can take.
*   From the graph, the curve starts at y = 0 and reaches a maximum value of y = 2.
*   The curve then decreases back to y = 0.
*   Therefore, the range is [0, 2].

**In interval notation:**

*   Domain: [-4, 4]
*   Range: [0, 2]"
484,"Here's how to determine the domain and range of the function based on the graph:

**1. Domain**

*   The domain is the set of all possible x-values for which the function is defined.
*   Looking at the graph, the curve extends from x = -5 to x = 3.
*   Therefore, the domain is [-5, 3].

**2. Range**

*   The range is the set of all possible y-values that the function can take.
*   From the graph, the curve's lowest y-value is approximately 0 and the highest y-value is approximately 2.
*   Therefore, the range is [0, 2].

**In interval notation:**

*   Domain: [-5, 3]
*   Range: [0, 2]

Let me know if you'd like a more detailed explanation of how to find the equation of the function!","Here's how to determine the domain and range of the function based on the graph:

**1. Domain**

*   The domain is the set of all possible x-values for which the function is defined.
*   Looking at the graph, the curve extends from x = -5 to x = 3.
*   Therefore, the domain is **[-5, 3]**.

**2. Range**

*   The range is the set of all possible y-values that the function can take.
*   From the graph, the curve's lowest y-value is approximately 0 and the highest y-value is approximately 2.
*   Therefore, the range is **[0, 2]**.

**In summary:**

*   **Domain:** [-5, 3]
*   **Range:** [0, 2]","Here's how to determine the domain and range of the function based on the graph:

**1. Domain**

*   The domain is the set of all possible x-values for which the function is defined.
*   Looking at the graph, the curve extends from x = -5 to x = 3.
*   Therefore, the domain is **[-5, 3]**.

**2. Range**

*   The range is the set of all possible y-values that the function can take.
*   From the graph, the curve's lowest y-value is approximately 0 and the highest y-value is approximately 2.
*   Therefore, the range is **[0, 2]**.

**In summary:**

*   **Domain:** [-5, 3]
*   **Range:** [0, 2]"
485,"Here's the analysis of the domain and range of the function based on the graph:

**Domain:**

*   The domain is the set of all possible x-values for which the function is defined.
*   From the graph, the curve starts at x = 1 and ends at x = -4.
*   Therefore, the domain is the interval **[1, -4]**.

**Range:**

*   The range is the set of all possible y-values that the function can take.
*   From the graph, the curve goes from y = 0 to y = 4.
*   Therefore, the range is the interval **[0, 4]**.

**In interval notation:**

*   Domain:  **[1, -4]**
*   Range: **[0, 4]**","Here's the breakdown of the domain and range of the function based on the graph:

**Domain:**

*   The domain is the set of all possible x-values for which the function is defined.
*   From the graph, the curve starts at x = 1 and ends at x = -4.
*   Therefore, the domain is **[1, -4]**.

**Range:**

*   The range is the set of all possible y-values that the function can take.
*   From the graph, the curve goes from y = 0 to y = 4.
*   Therefore, the range is **[0, 4]**.

**In summary:**

*   Domain: [1, -4]
*   Range: [0, 4]","Here's the analysis of the domain and range of the function based on the graph:

**Domain:**

*   The domain is the set of all possible x-values for which the function is defined.
*   From the graph, the curve starts at x = 1 and ends at x = -4.
*   Therefore, the domain is the interval **[1, -4]**.

**Range:**

*   The range is the set of all possible y-values that the function can take.
*   From the graph, the curve goes from y = 0 to y = 4.
*   Therefore, the range is the interval **[0, 4]**.

**In interval notation:**

*   Domain:  **[1, -4]**
*   Range: **[0, 4]**"
486,"Here's how to determine the domain and range of the hyperbolic function based on the graph:

**1. Domain**

*   The graph approaches zero as |x| increases, indicating that the function is defined for all real numbers.
*   The function is undefined at x = 0.
*   Therefore, the domain is all real numbers except 0.

In interval notation, the domain is:  (-∞, 0) ∪ (0, ∞)

**2. Range**

*   The graph shows the function values range from -6 to 6.
*   The minimum value is -6, and the maximum value is 6.

In interval notation, the range is: [-6, 6]

**Final Answer:**

*   Domain: (-∞, 0) ∪ (0, ∞)
*   Range: [-6, 6]","Here's how to determine the domain and range of the hyperbolic function based on the graph:

**1. Domain**

*   The graph approaches zero as |x| increases, indicating that the function is defined for all real numbers.
*   The function is undefined at x = 0.
*   Therefore, the domain is all real numbers except 0.

In interval notation, the domain is:  (-∞, 0) ∪ (0, ∞)

**2. Range**

*   The graph shows the function values range from -6 to 6.
*   The minimum value is -6, and the maximum value is 6.

In interval notation, the range is: [-6, 6]

**Final Answer:**

*   Domain: (-∞, 0) ∪ (0, ∞)
*   Range: [-6, 6]","Here's how to determine the domain and range of the hyperbolic function based on the graph:

**1. Domain**

*   The graph approaches zero as |x| increases, indicating that the function is defined for all real numbers.
*   The function is undefined at x = 0.
*   Therefore, the domain is all real numbers except 0.

In interval notation, the domain is:  (-∞, 0) ∪ (0, ∞)

**2. Range**

*   The graph shows the function values range from -6 to 6.
*   The minimum value is -6, and the maximum value is 6.

In interval notation, the range is: [-6, 6]

**Final Answer:**

*   Domain: (-∞, 0) ∪ (0, ∞)
*   Range: [-6, 6]"
487,"Here's how to determine the domain and range of the piecewise function based on the graph:

**1. Domain**

*   The domain is the set of all possible x-values for which the function is defined.
*   From the graph, we can see that the function is defined for x-values from -3 to 6.
*   In interval notation, the domain is **[-3, 6]**.

**2. Range**

*   The range is the set of all possible y-values that the function takes on.
*   From the graph, we can see that the function's y-values range from 0 to 6.
*   In interval notation, the range is **[0, 6]**.

**Therefore:**

*   **Domain: [-3, 6]**
*   **Range: [0, 6]**","Here's how to determine the domain and range of the piecewise function based on the graph:

**1. Domain**

*   The domain is the set of all possible x-values for which the function is defined.
*   From the graph, we can see that the function is defined for x-values from -3 to 6.
*   In interval notation, the domain is **[-3, 6]**.

**2. Range**

*   The range is the set of all possible y-values that the function takes on.
*   From the graph, we can see that the function's y-values range from 0 to 6.
*   In interval notation, the range is **[0, 6]**.

**Therefore:**

*   **Domain: [-3, 6]**
*   **Range: [0, 6]**",ERROR
488,"Here's an analysis of the intervals where the function is increasing or decreasing, based on the graph:

**1. Increasing Intervals:**

*   The function is increasing from approximately -4 to -2.
*   The function is also increasing from approximately 1 to 3.

**2. Decreasing Intervals:**

*   The function is decreasing from approximately -2 to 1.

**In summary:**

*   **Increasing:** (-4, -2) and (1, 3)
*   **Decreasing:** (-2, 1)

**Important Note:** This is an *estimation* based on the visual representation of the graph. To determine the exact intervals of increasing and decreasing, you would need the equation of the function.","Here's an analysis of the intervals where the function is increasing or decreasing, based on the graph:

**1. Increasing Intervals:**

*   The function is increasing from approximately -4 to -2.
*   The function is also increasing from approximately 1 to 3.

**2. Decreasing Intervals:**

*   The function is decreasing from approximately -2 to 1.

**In summary:**

*   **Increasing:**  (-4, -2) and (1, 3)
*   **Decreasing:** (-2, 1)

**Important Note:** This is an *estimation* based on the visual representation of the graph. To determine the exact intervals of increasing and decreasing, you would need the equation of the function.","Here's an analysis of the intervals where the function is increasing or decreasing, based on the graph:

**1. Increasing Intervals:**

*   The function is increasing from approximately -4 to -2.
*   The function is also increasing from approximately 1 to 3.

**2. Decreasing Intervals:**

*   The function is decreasing from approximately -2 to 1.

**In summary:**

*   **Increasing:** (-4, -2) and (1, 3)
*   **Decreasing:** (-2, 1)

**Important Note:** This is an *estimation* based on the visual representation of the graph. To determine the exact intervals of increasing and decreasing, you would need the equation of the function."
489,"Here's an analysis of the intervals where the function is increasing or decreasing, based on the provided graph:

**Curve 1 (Blue):**

*   **Increasing:** From approximately x = 1 to x = 2.  The curve is rising as x increases in this interval.
*   **Decreasing:** From approximately x = 2 to x = 4. The curve is falling as x increases in this interval.

**Curve 2 (Orange):**

*   **Decreasing:** From approximately x = 0 to x = 4. The curve is falling as x increases in this interval.

**Important Note:**

*   The vertical asymptote at x = 3 is a key feature. The function is undefined at x = 3.
*   The graph shows the behavior of the function *to the right* of the asymptote.  The function's behavior to the left of x = 3 is not shown.

Let me know if you'd like a more precise estimate of the intervals (e.g., using specific x-values).","Here's an analysis of the intervals where the function is increasing or decreasing, based on the provided graph:

**Curve 1 (Blue):**

*   **Increasing:** From approximately x = 1 to x = 2.  The curve is rising as x increases in this interval.
*   **Decreasing:** From approximately x = 2 to x = 4. The curve is falling as x increases in this interval.

**Curve 2 (Orange):**

*   **Decreasing:** From approximately x = 0 to x = 4. The curve is falling as x increases in this interval.

**Important Note:**

*   The vertical asymptote at x = 3 is a key feature. The function is undefined at x = 3.
*   The graph shows the behavior of the function *to the right* of the asymptote.  The behavior to the left of x = 3 is not shown.

Let me know if you'd like a more precise estimate of the intervals (e.g., using specific x-values).","Here's an analysis of the intervals where the function is increasing or decreasing, based on the provided graph:

**Curve 1 (Blue):**

*   **Increasing:** From approximately x = 1 to x = 2.  The curve is rising as x increases in this interval.
*   **Decreasing:** From approximately x = 2 to x = 4. The curve is falling as x increases in this interval.

**Curve 2 (Orange):**

*   **Decreasing:** From approximately x = 0 to x = 4. The curve is falling as x increases in this interval.

**Important Note:**

*   The vertical asymptote at x = 3 is a key feature. The function is undefined at x = 3.
*   The graph shows the behavior of the function *to the right* of the asymptote.  The behavior to the left of x = 3 is not shown.

Let me know if you'd like a more precise estimate of the intervals (e.g., using specific x-values)."
490,"Here's an analysis of the graph to estimate the local maxima and minima of the odd function f:

**Understanding Odd Functions**

*   **Symmetry:** Odd functions are symmetric about the origin. This means that f(-x) = -f(x) for all x.
*   **Graph:** The graph of an odd function is the reflection of its graph across the origin.

**Analyzing the Graph**

1.  **Local Maximum:**
    *   The graph appears to have a local maximum around x = -1.  At this point, the curve reaches a peak value.

2.  **Local Minimum:**
    *   The graph appears to have a local minimum around x = 2.  At this point, the curve reaches a trough value.

**Estimation**

*   **Local Maximum:** Approximately at x = -1, y ≈ 20
*   **Local Minimum:** Approximately at x = 2, y ≈ -20

**Important Note:** These are visual estimations based on the graph. To find the exact locations of the local maxima and minima, you would need to find the derivative of the function and set it equal to zero.","Here's an analysis of the graph to estimate the local maxima and minima of the odd function f:

**Understanding Odd Functions**

*   **Symmetry:** Odd functions are symmetric about the origin. This means that f(-x) = -f(x) for all x.
*   **Graph:** The graph of an odd function is the reflection of itself across the origin.

**Estimating Local Maxima and Minima**

1.  **Local Maxima:** These are points on the graph where the function has a ""peak"" locally.  Looking at the graph, we can see a local maximum around x = -1.

2.  **Local Minima:** These are points on the graph where the function has a ""valley"" locally.  We can see a local minimum around x = 1.

**Important Note:** Because the function is odd, the local maximum at x = -1 is the reflection of the local minimum at x = 1 across the origin.

**In summary:**

*   **Local Maximum:** Approximately at x = -1
*   **Local Minimum:** Approximately at x = 1","Here's an analysis of the graph to estimate the local maxima and minima of the odd function f:

**Understanding Odd Functions**

*   **Symmetry:** Odd functions are symmetric about the origin. This means that f(-x) = -f(x) for all x.
*   **Graph:** The graph of an odd function is the reflection of itself across the origin.

**Analyzing the Graph**

1.  **Local Maximum:**
    *   The graph appears to have a local maximum around x = -1.  At this point, the curve reaches a peak value.

2.  **Local Minimum:**
    *   The graph appears to have a local minimum around x = 2.  At this point, the curve reaches a trough value.

**Estimation**

*   **Local Maximum:** Approximately at x = -1, y ≈ 20
*   **Local Minimum:** Approximately at x = 2, y ≈ -20

**Important Note:** These are visual estimations based on the graph. To find the exact locations of the local maxima and minima, you would need to find the derivative of the function and set it equal to zero."
491,"Here's an estimation of the local maximum and minimum points on the graph of the odd function:

**Local Maximum:**

*   The graph appears to have a local maximum around **x = -4**.  At this point, the curve reaches its highest point within the given range.

**Local Minimum:**

*   The graph appears to have a local minimum around **x = 2**.  At this point, the curve reaches its lowest point within the given range.

**Important Note:**  These are visual estimations based on the graph. To find the exact locations of the local maximum and minimum, you would need to find the derivative of the function and set it equal to zero.  Since we don't have the function itself, we can only make these approximations.","Here's an estimation of the local maximum and minimum points on the graph of the odd function:

**Local Maximum:**

*   The graph appears to have a local maximum around **x = -4**.  At this point, the curve reaches its highest point within the given range.

**Local Minimum:**

*   The graph appears to have a local minimum around **x = 2**.  At this point, the curve reaches its lowest point within the given range.

**Important Note:**  These are visual estimations based on the graph. To find the exact locations of the local maximum and minimum, you would need to find the derivative of the function and set it equal to zero.  Since we don't have the function itself, we can only make these approximations.","Here's an estimation of the local maximum and minimum points on the graph of the odd function:

**Local Maximum:**

*   The graph appears to have a local maximum around **x = -4**.  At this point, the curve reaches its highest point within the given range.

**Local Minimum:**

*   The graph appears to have a local minimum around **x = 2**.  At this point, the curve reaches its lowest point within the given range.

**Important Note:**  These are visual estimations based on the graph. To find the exact locations of the local maximum and minimum, you would need to find the derivative of the function and set it equal to zero.  Since we don't have the function itself, we can only make these approximations."
492,"Let's analyze the graph and the given point (1.333, 5.185) to determine what it represents for the cubic function f.

*   **A. a relative (local) maximum of the function:** The graph shows a peak in the right part of the curve. The point (1.333, 5.185) lies on this peak. This indicates that it is a local maximum.

*   **B. the vertex of the function:** The vertex is the lowest point of the function (for a cubic function with a positive leading coefficient) or the highest point (for a cubic function with a negative leading coefficient). The graph does not show a vertex.

*   **C. the absolute maximum of the function:** The absolute maximum is the highest point on the entire graph. The graph shows a single peak, but the point (1.333, 5.185) is only one point on that peak. The absolute maximum is likely at the very top of the peak.

*   **D. a zero of the function:** A zero of the function is a point where the graph crosses the x-axis (where f(x) = 0). The graph does not cross the x-axis.

Based on the graph, the point (1.333, 5.185) is a **local maximum** of the cubic function f.

**Final Answer: A**","Let's analyze the graph and the given point (1.333, 5.185) to determine what it represents for the cubic function f.

*   **A. a relative (local) maximum of the function:** The graph shows a peak in the right part of the curve. The point (1.333, 5.185) lies on this peak. This indicates that it is a local maximum.

*   **B. the vertex of the function:** The vertex is the lowest point of the function (for a cubic function that opens upwards) or the highest point (for a cubic function that opens downwards). The graph doesn't show a vertex.

*   **C. the absolute maximum of the function:** The absolute maximum is the highest point on the entire graph. The graph shows a single peak, but the point (1.333, 5.185) is not necessarily the absolute maximum.

*   **D. a zero of the function:** A zero of the function is a point where the graph crosses the x-axis (where f(x) = 0). The graph does not cross the x-axis at this point.

Based on the graph, the point (1.333, 5.185) is a local maximum of the cubic function f.

**Final Answer: A**","Let's analyze the graph and the given point (1.333, 5.185) to determine what it represents for the cubic function f.

*   **A. a relative (local) maximum of the function:** The graph shows a peak in the right part of the curve. The point (1.333, 5.185) lies on this peak. This indicates that it is a local maximum.
*   **B. the vertex of the function:** The vertex is the lowest point of the function (for a cubic function that opens upwards) or the highest point (for a cubic function that opens downwards). The graph doesn't show a vertex.
*   **C. the absolute maximum of the function:** The absolute maximum is the highest point on the entire graph. The graph shows a single peak, but the point (1.333, 5.185) is not necessarily the absolute maximum.
*   **D. a zero of the function:** A zero of the function is a point where the graph crosses the x-axis (i.e., f(x) = 0). The graph does not cross the x-axis.

Based on the graph, the point (1.333, 5.185) is a local maximum of the cubic function f.

Final Answer: The final answer is $\boxed{A}$"
493,"Okay, let's break down how to find the equation for the piecewise function.

**1. Determine the Equations of the Lines**

We have three points that define the lines: (3, -2), (1, 0), and (0, 1).  We can use the slope-intercept form of a linear equation, y = mx + b, to find the slope (m) and y-intercept (b) for each line.

*   **Line 1:  Passes through (0, 1) and (3, -2)**
    *   Slope (m) = (y2 - y1) / (x2 - x1) = (-2 - 1) / (3 - 0) = -3 / 3 = -1
    *   Since the line passes through (0, 1), the y-intercept is 1.
    *   Equation: y = -1x + 1  or  y = -x + 1

*   **Line 2: Passes through (3, -2) and (1, 0)**
    *   Slope (m) = (y2 - y1) / (x2 - x1) = (0 - (-2)) / (1 - 3) = 2 / -2 = -1
    *   Now we use the point-slope form: y - y1 = m(x - x1)
    *   Using the point (1, 0): y - 0 = -1(x - 1)
    *   Simplify: y = -x + 1

*   **Line 3: Passes through (1, 0) and (0, 1)**
    *   Slope (m) = (y2 - y1) / (x2 - x1) = (1 - 0) / (0 - 1) = 1 / -1 = -1
    *   Using the point-slope form: y - y1 = m(x - x1)
    *   Using the point (0, 1): y - 1 = -1(x - 0)
    *   Simplify: y = -x + 1

**2. Piecewise Function**

Based on the graph, the function is defined as follows:

*   For x < 0, the function is y = -x + 1
*   For 0 ≤ x ≤ 1, the function is y = -x + 1
*   For x > 1, the function is y = -x + 1

**Final Answer**

The equation for the graphed function f is:

f(x) =  
*   -x + 1,  if x < 0
*   -x + 1, if 0 ≤ x ≤ 1
*   -x + 1, if x > 1

**Note:**  All three lines are identical, so the function is simply y = -x + 1 for all x.","Okay, let's break down how to find the equation for the piecewise function.

**1. Determine the Equations of the Lines**

We have three points that define the lines: (3, -2), (1, 0), and (0, 1).  We can use the slope-intercept form of a linear equation, y = mx + b, to find the slope (m) and y-intercept (b) for each line.

*   **Line 1:  Passes through (0, 1) and (3, -2)**
    *   Slope (m) = (y2 - y1) / (x2 - x1) = (-2 - 1) / (3 - 0) = -3 / 3 = -1
    *   Since the line passes through (0, 1), the y-intercept is 1.
    *   Equation: y = -1x + 1  or  y = -x + 1

*   **Line 2: Passes through (3, -2) and (1, 0)**
    *   Slope (m) = (y2 - y1) / (x2 - x1) = (0 - (-2)) / (1 - 3) = 2 / -2 = -1
    *   Now we use the point-slope form: y - y1 = m(x - x1)
    *   Using the point (1, 0): y - 0 = -1(x - 1)
    *   Simplify: y = -x + 1

*   **Line 3: Passes through (1, 0) and (0, 1)**
    *   Slope (m) = (y2 - y1) / (x2 - x1) = (1 - 0) / (0 - 1) = 1 / -1 = -1
    *   Using the point-slope form: y - y1 = m(x - x1)
    *   Using the point (0, 1): y - 1 = -1(x - 0)
    *   Simplify: y = -x + 1

**2. Piecewise Function**

Based on the graph, the function is defined as follows:

*   For x < 0, the function is y = -x + 1
*   For 0 ≤ x ≤ 1, the function is y = -x + 1
*   For x > 1, the function is y = -x + 1

**Final Answer**

The equation for the graphed function f is:

f(x) =  
*   -x + 1,  if x < 0
*   -x + 1, if 0 ≤ x ≤ 1
*   -x + 1, if x > 1

**Note:**  All three lines are identical, so the function is simply y = -x + 1 for all x.","Okay, let's break down how to find the equation for the piecewise function.

**1. Determine the Equations of the Lines**

We have three points that define the lines: (3, -2), (1, 0), and (0, 1).  We can use the slope-intercept form of a linear equation, y = mx + b, to find the slope (m) and y-intercept (b) for each line.

*   **Line 1:  Passes through (0, 1) and (3, -2)**

    *   Slope (m) = (y2 - y1) / (x2 - x1) = (-2 - 1) / (3 - 0) = -3 / 3 = -1
    *   Since the line passes through (0, 1), the y-intercept is 1.
    *   Equation: y = -1x + 1  or  y = -x + 1

*   **Line 2: Passes through (3, -2) and (1, 0)**

    *   Slope (m) = (y2 - y1) / (x2 - x1) = (0 - (-2)) / (1 - 3) = 2 / -2 = -1
    *   Now we use the point-slope form: y - y1 = m(x - x1)
    *   Using the point (1, 0): y - 0 = -1(x - 1)
    *   Simplify: y = -x + 1

*   **Line 3: Passes through (1, 0) and (0, 1)**

    *   Slope (m) = (y2 - y1) / (x2 - x1) = (1 - 0) / (0 - 1) = 1 / -1 = -1
    *   Using the point-slope form: y - y1 = m(x - x1)
    *   Using the point (0, 1): y - 1 = -1(x - 0)
    *   Simplify: y = -x + 1

**2. Piecewise Function**

Based on the graph, the function is defined as follows:

*   For x < 0:  f(x) = -x + 1
*   For 0 ≤ x ≤ 1: f(x) = -x + 1
*   For x > 1: f(x) = -x + 1

**Final Answer**

The equation for the graphed function f is:

f(x) =  -x + 1

Let me know if you'd like me to explain any part of this process in more detail!"
494,"Here's how to find the equation for the piecewise function f:

**1. Determine the Slope of Each Line Segment**

*   **Segment 1:** Passes through (-3, -2) and (0, 1)
    *   Slope (m₁) = (1 - (-2)) / (0 - (-3)) = 3 / 3 = 1
*   **Segment 2:** Passes through (0, 1) and (-1, 0)
    *   Slope (m₂) = (0 - 1) / (-1 - 0) = -1 / -1 = 1

**2. Find the Equations of the Lines**

*   **Segment 1 (for x < 0):**  We use the point-slope form: y - y₁ = m(x - x₁)
    *   Using the point (-3, -2) and slope m₁ = 1:
        *   y - (-2) = 1(x - (-3))
        *   y + 2 = x + 3
        *   y = x + 1

*   **Segment 2 (for x ≥ 0):**  We use the point-slope form: y - y₁ = m(x - x₁)
    *   Using the point (0, 1) and slope m₂ = 1:
        *   y - 1 = 1(x - 0)
        *   y - 1 = x
        *   y = x + 1

**3. Combine the Equations into a Piecewise Function**

Since the two line segments have the same equation, we can write the function as:

f(x) =  { x + 1,  if x < 0
        { x + 1,  if x ≥ 0

**Therefore, the equation for the graphed function f is f(x) = x + 1.**","Here's how to find the equation for the piecewise function f:

**1. Determine the Slope of Each Line Segment**

*   **Segment 1:** Passes through (-3, -2) and (0, 1)
    *   Slope (m₁) = (1 - (-2)) / (0 - (-3)) = 3 / 3 = 1
*   **Segment 2:** Passes through (0, 1) and (-1, 0)
    *   Slope (m₂) = (0 - 1) / (-1 - 0) = -1 / -1 = 1

**2. Find the Equations of the Lines**

*   **Segment 1 (for x < 0):**  We use the point-slope form: y - y₁ = m(x - x₁)
    *   Using the point (-3, -2) and slope m₁ = 1:
        *   y - (-2) = 1(x - (-3))
        *   y + 2 = x + 3
        *   y = x + 1

*   **Segment 2 (for x ≥ 0):**  We use the point-slope form: y - y₁ = m(x - x₁)
    *   Using the point (0, 1) and slope m₂ = 1:
        *   y - 1 = 1(x - 0)
        *   y - 1 = x
        *   y = x + 1

**3. Combine the Equations into a Piecewise Function**

Since the two line segments have the same equation (y = x + 1), we can write the function as:

f(x) =  { x + 1,  if x < 0
        { x + 1,  if x ≥ 0

**Therefore, the equation for the graphed function f is f(x) = x + 1.**",ERROR
495,"Here's how to find the equation of the quadratic function:

**1. General Form**

We'll use the general form of a quadratic equation:

f(x) = ax² + bx + c

**2. Using the Given Points**

We have three points that lie on the graph: (-2, 1), (-1, 2), and (0, 1).  We can substitute these into the equation to create a system of three equations with three unknowns (a, b, and c):

*   For (-2, 1):  a(-2)² + b(-2) + c = 1  =>  4a - 2b + c = 1
*   For (-1, 2):  a(-1)² + b(-1) + c = 2  =>  a - b + c = 2
*   For (0, 1):  a(0)² + b(0) + c = 1  =>  c = 1

**3. Solve the System**

Now we can solve for a, b, and c. Since we know c = 1, we can substitute that into the other two equations:

*   4a - 2b + 1 = 1  =>  4a - 2b = 0
*   a - b + 1 = 2  =>  a - b = 1

Now we have a simpler system:

*   4a - 2b = 0
*   a - b = 1

We can solve this system. Let's solve the second equation for 'a':

a = b + 1

Substitute this into the first equation:

4(b + 1) - 2b = 0
4b + 4 - 2b = 0
2b = -4
b = -2

Now that we have b, we can find a:

a = -2 + 1
a = -1

**4. Write the Equation**

Now that we have a = -1, b = -2, and c = 1, we can write the equation of the quadratic function:

f(x) = -x² - 2x + 1

**Therefore, the equation for the graphed function f is f(x) = -x² - 2x + 1**","Here's how to find the equation of the quadratic function:

**1. General Form**

We'll use the general form of a quadratic equation:

f(x) = ax² + bx + c

**2. Using the Given Points**

We have three points that lie on the graph: (-2, 1), (-1, 2), and (0, 1).  We can substitute these into the equation to get a system of three equations with three unknowns (a, b, and c):

*   For (-2, 1):  a(-2)² + b(-2) + c = 1  =>  4a - 2b + c = 1
*   For (-1, 2):  a(-1)² + b(-1) + c = 2  =>  a - b + c = 2
*   For (0, 1):  a(0)² + b(0) + c = 1  =>  c = 1

**3. Solve the System**

Now we can solve for a, b, and c. Since we know c = 1, we can substitute that into the other two equations:

*   4a - 2b + 1 = 1  =>  4a - 2b = 0
*   a - b + 1 = 2  =>  a - b = 1

Now we have a simpler system:

*   4a - 2b = 0
*   a - b = 1

We can solve this system. Let's solve the second equation for 'a':

a = b + 1

Substitute this into the first equation:

4(b + 1) - 2b = 0
4b + 4 - 2b = 0
2b = -4
b = -2

Now that we have b, we can find a:

a = -2 + 1
a = -1

**4. Write the Equation**

Now that we have a = -1, b = -2, and c = 1, we can write the equation of the quadratic function:

f(x) = -x² - 2x + 1

**Therefore, the equation for the graphed function f is f(x) = -x² - 2x + 1**","Here's how to find the equation of the quadratic function:

**1. General Form**

We'll use the general form of a quadratic equation:

f(x) = ax² + bx + c

**2. Using the Given Points**

We have three points that lie on the graph: (-2, 1), (-1, 2), and (0, 1).  We can substitute these into the equation to get a system of three equations with three unknowns (a, b, and c):

*   For (-2, 1):  a(-2)² + b(-2) + c = 1  =>  4a - 2b + c = 1
*   For (-1, 2):  a(-1)² + b(-1) + c = 2  =>  a - b + c = 2
*   For (0, 1):  a(0)² + b(0) + c = 1  =>  c = 1

**3. Solve the System**

Now we can solve for a, b, and c. Since we know c = 1, we can substitute that into the other two equations:

*   4a - 2b + 1 = 1  =>  4a - 2b = 0
*   a - b + 1 = 2  =>  a - b = 1

Now we have a simpler system:

*   4a - 2b = 0
*   a - b = 1

We can solve this system. Let's solve the second equation for 'a':

a = b + 1

Substitute this into the first equation:

4(b + 1) - 2b = 0
4b + 4 - 2b = 0
2b = -4
b = -2

Now that we have b, we can find a:

a = -2 + 1
a = -1

**4. Write the Equation**

Now that we have a = -1, b = -2, and c = 1, we can write the equation of the quadratic function:

f(x) = -x² - 2x + 1

**Therefore, the equation for the graphed function f is f(x) = -x² - 2x + 1**"
496,"Here's how to determine if the quadratic function represented by the graph is a one-to-one function:

**Understanding One-to-One Functions**

A function is one-to-one (or injective) if each input (x-value) has a unique output (y-value).  In simpler terms, no two different inputs can produce the same output.  Graphically, a one-to-one function passes the ""horizontal line test"": if any horizontal line intersects the graph at most once, it's one-to-one.

**Analyzing the Graph**

1. **Roots:** The graph passes through (0, 0) and (20, 0). This means the x-axis is a line of symmetry.

2. **Shape:** The parabola opens upward, as stated.

3. **Horizontal Line Test:**  If you draw a horizontal line anywhere within the graph's domain (between x=0 and x=20), it will intersect the graph more than once.  For example, a horizontal line at y=5 will intersect the graph at two points.

**Conclusion**

Because the graph fails the horizontal line test, it does not represent a one-to-one function.

**Therefore, the answer is B. This is not a one-to-one function.**","Here's how to determine if the quadratic function represented by the graph is a one-to-one function:

**Understanding One-to-One Functions**

A function is one-to-one (or injective) if each input (x-value) has a unique output (y-value).  In simpler terms, no two different inputs can produce the same output.  Graphically, a one-to-one function passes the ""horizontal line test"": if any horizontal line intersects the graph at most once, it's one-to-one.

**Analyzing the Graph**

1. **Roots:** The graph passes through (0, 0) and (20, 0). This means the x-axis is a line of symmetry.

2. **Shape:** The parabola opens upward, as stated.

3. **Horizontal Line Test:**  If you draw a horizontal line anywhere within the graph's domain (between x=0 and x=20), it will intersect the graph more than once.  For example, a horizontal line at y=5 will intersect the graph at two points.

**Conclusion**

Because the graph fails the horizontal line test, it does not represent a one-to-one function.

**Therefore, the answer is B. This is not a one-to-one function.**","Here's how to determine if the quadratic function represented by the graph is a one-to-one function:

**Understanding One-to-One Functions**

A function is one-to-one (or injective) if each input (x-value) has a unique output (y-value).  In simpler terms, no two different inputs can produce the same output.  Graphically, a one-to-one function passes the ""horizontal line test"": if any horizontal line intersects the graph at most once, it's one-to-one.

**Analyzing the Graph**

1. **Roots:** The graph passes through (0, 0) and (20, 0). This means the x-axis is a line of symmetry.

2. **Shape:** The parabola opens upward, as stated.

3. **Horizontal Line Test:**  If you draw a horizontal line anywhere within the graph's domain (between x=0 and x=20), it will intersect the graph more than once.  For example, a horizontal line at y=5 will intersect the graph at two points.

**Conclusion**

Because the graph fails the horizontal line test, it does not represent a one-to-one function.

**Therefore, the answer is B. This is not a one-to-one function.**"
497,"Here's how to determine the function expression for the linear function:

**1. Understand the intercepts**

*   **Y-intercept:** The point where the line crosses the y-axis. In this case, it's at (0, 3). This means when x = 0, f(x) = 3.
*   **X-intercept:** The point where the line crosses the x-axis. In this case, it's at (2, 0). This means when f(x) = 0, x = 2.

**2. Use the slope-intercept form**

The slope-intercept form of a linear equation is:

f(x) = mx + b

where:

*   m = slope
*   b = y-intercept

**3. Calculate the slope**

The slope (m) can be found using the coordinates of the x-intercept (2, 0) and the y-intercept (0, 3):

m = (change in y) / (change in x) = (3 - 0) / (0 - 2) = 3 / -2 = -1.5

**4. Write the function expression**

Now that we have the slope (m = -1.5) and the y-intercept (b = 3), we can plug them into the slope-intercept form:

f(x) = -1.5x + 3

**Therefore, the function expression of f is f(x) = -1.5x + 3**","Here's how to determine the function expression for the linear function:

**1. Understand the intercepts**

*   **Y-intercept:** The point where the line crosses the y-axis. In this case, it's at (0, 3). This means when x = 0, f(x) = 3.
*   **X-intercept:** The point where the line crosses the x-axis. In this case, it's at (2, 0). This means when f(x) = 0, x = 2.

**2. Use the slope-intercept form**

The slope-intercept form of a linear equation is:

f(x) = mx + b

where:

*   m = slope
*   b = y-intercept

**3. Calculate the slope**

The slope (m) can be calculated using the coordinates of any two points on the line. We can use the y-intercept (0, 3) and the x-intercept (2, 0):

m = (change in y) / (change in x) = (0 - 3) / (2 - 0) = -3 / 2

**4. Write the function expression**

Now we have the slope (m = -3/2) and the y-intercept (b = 3).  Substitute these values into the slope-intercept form:

f(x) = (-3/2)x + 3

**Therefore, the function expression of f is f(x) = (-3/2)x + 3**","Here's how to determine the function expression for the linear function:

**1. Understand the intercepts**

*   **Y-intercept:** The point where the line crosses the y-axis. In this case, it's at (0, 3). This means when x = 0, f(x) = 3.
*   **X-intercept:** The point where the line crosses the x-axis. In this case, it's at (2, 0). This means when f(x) = 0, x = 2.

**2. Use the slope-intercept form**

The slope-intercept form of a linear equation is:

f(x) = mx + b

where:

*   m = slope
*   b = y-intercept

**3. Calculate the slope**

The slope (m) can be calculated using the coordinates of any two points on the line. We can use the y-intercept (0, 3) and the x-intercept (2, 0):

m = (change in y) / (change in x) = (0 - 3) / (2 - 0) = -3 / 2

**4. Write the function expression**

Now we have the slope (m = -3/2) and the y-intercept (b = 3).  Substitute these values into the slope-intercept form:

f(x) = (-3/2)x + 3

**Therefore, the function expression of f is f(x) = (-3/2)x + 3**"
503,ERROR,"Here's how to find the equation for the piecewise function:

**1. Analyze the Graph**

*   **Left Side (x < 3):** The graph is a straight line passing through (0, 3) and (3, 0).
*   **Right Side (x > 3):** The graph is a straight line passing through (3, 0) and (4, 3).

**2. Find the Equations of the Lines**

*   **Left Side:**
    *   Slope (m) = (y2 - y1) / (x2 - x1) = (0 - 3) / (3 - 0) = -3/3 = -1
    *   Using the point-slope form: y - y1 = m(x - x1)
    *   Using the point (0, 3): y - 3 = -1(x - 0)
    *   Simplify: y = -x + 3

*   **Right Side:**
    *   Slope (m) = (y2 - y1) / (x2 - x1) = (3 - 0) / (4 - 3) = 3/1 = 3
    *   Using the point-slope form: y - y1 = m(x - x1)
    *   Using the point (3, 0): y - 0 = 3(x - 3)
    *   Simplify: y = 3x - 9

**3. Write the Piecewise Function**

The piecewise function is defined as:

```
f(x) = {
    -x + 3,  if x < 3
    3x - 9, if x > 3
}
```

**Explanation**

*   The function uses a different equation for the left and right sides of the vertical line x = 3, based on the graph.
*   The function is defined to be continuous at x = 3, since the two lines meet at the point (3, 0).

Let me know if you'd like me to elaborate on any part of this solution!","Here's how to find the equation for the piecewise function:

**1. Analyze the Graph**

*   **Left Side (x < 3):** The graph is a line passing through (0, 3) and (3, 0).
*   **Right Side (x > 3):** The graph is a line passing through (3, 0) and (4, 3).

**2. Find the Equations of the Lines**

*   **Left Side:**
    *   Slope (m) = (y2 - y1) / (x2 - x1) = (0 - 3) / (3 - 0) = -3/3 = -1
    *   Using the point-slope form: y - y1 = m(x - x1)
    *   Using the point (0, 3): y - 3 = -1(x - 0)
    *   Simplify: y = -x + 3

*   **Right Side:**
    *   Slope (m) = (y2 - y1) / (x2 - x1) = (3 - 0) / (4 - 3) = 3/1 = 3
    *   Using the point-slope form: y - y1 = m(x - x1)
    *   Using the point (3, 0): y - 0 = 3(x - 3)
    *   Simplify: y = 3x - 9

**3. Write the Piecewise Function**

The piecewise function is defined as:

```
f(x) = {
    -x + 3,  if x < 3
    3x - 9, if x > 3
}
```

**Explanation**

*   The function uses a different equation for the left and right sides of the vertical line x = 3, based on the graph.
*   The function is defined to be continuous at x = 3, as the two lines meet at the point (3, 0).

Let me know if you'd like me to elaborate on any part of this process!"
567,"Here's how to determine if the functions have the same concavity:

**1. Understanding Concavity**

*   **Concave Up:** The graph ""curves upwards.""  This means the second derivative is positive.
*   **Concave Down:** The graph ""curves downwards."" This means the second derivative is negative.

**2. Analyzing g(x)**

*   The graph of g(x) is a parabola opening downwards. This indicates that its second derivative is negative.  Therefore, g(x) is concave down.

**3. Analyzing f(x)**

*   f(x) = 4x² - 108 is a quadratic function in the form f(x) = ax² + bx + c, where a = 4, b = 0, and c = -108.
*   Since 'a' (the coefficient of x²) is positive (a = 4), the parabola opens upwards. This means f(x) is concave up.

**4. Comparing Concavity**

*   g(x) is concave down.
*   f(x) is concave up.

**Conclusion**

Therefore, the functions do not have the same concavity. The correct answer is **C: No, f is concave up and g is concave down.**","Here's how to determine if the functions have the same concavity:

**1. Understanding Concavity**

*   **Concave Up:** The graph ""curves upwards.""  This means the second derivative is positive.
*   **Concave Down:** The graph ""curves downwards."" This means the second derivative is negative.

**2. Analyzing g(x)**

*   The graph of g(x) is a parabola opening downwards. This indicates that its second derivative is negative.  Therefore, g(x) is concave down.

**3. Analyzing f(x)**

*   f(x) = 4x² - 108 is a quadratic function in the form f(x) = ax² + bx + c, where a = 4, b = 0, and c = -108.
*   Since 'a' (the coefficient of x²) is positive (a = 4), the parabola opens upwards. This means f(x) is concave up.

**4. Comparing Concavity**

*   g(x) is concave down.
*   f(x) is concave up.

**Conclusion**

Therefore, the functions do not have the same concavity. The correct answer is **C: No, f is concave up and g is concave down.**","Here's how to determine if the functions have the same concavity:

**1. Understanding Concavity**

*   **Concave Up:** The graph ""curves upwards.""  This means the second derivative is positive.
*   **Concave Down:** The graph ""curves downwards."" This means the second derivative is negative.

**2. Analyzing g(x)**

*   The graph of g(x) is a parabola opening downwards. This means it is concave down.
*   The vertex of g(x) is at (-5, 6).  Since it opens downwards, the equation of g(x) is of the form g(x) = a(x + 5)^2 + 6, where 'a' is a negative constant.

**3. Analyzing f(x)**

*   f(x) = 4x^2 - 108 is a quadratic function.
*   The general form of a quadratic is f(x) = ax^2 + bx + c. In this case, a = 4, b = 0, and c = -108.
*   Since 'a' (the coefficient of x^2) is positive (4), the parabola opens upwards, meaning it is concave up.

**4. Comparing Concavity**

*   g(x) is concave down.
*   f(x) is concave up.

**Answer:**

Therefore, the correct answer is **C: No, f is concave up and g is concave down.**"
568,"Here's how to determine the equation for g(x):

**1. Analyze the Graph**

*   **f(x) = x²:** This is the standard parabola opening upwards.
*   **g(x):** The red graph is a reflection of the blue graph across the x-axis, and it's shifted to the right.

**2. Identify the Transformations**

*   **Reflection across the x-axis:**  To reflect a function across the x-axis, we multiply by -1. So, g(x) = -f(x) = -(x²) = -x².
*   **Horizontal Translation:** The red graph is shifted to the right.  Looking at the graph, it appears to be shifted 2 units to the right. This means we replace x with (x - 2) in the equation.

**3. Write the Equation for g(x)**

Combining the transformations, the equation for g(x) is:

g(x) = - (x - 2)²

**Therefore, the equation for g(x) is g(x) = -(x - 2)²**","Here's how to determine the equation for g(x):

**1. Analyze the Graph**

*   **f(x) = x²:** This is the standard parabola opening upwards.
*   **g(x):** The red graph is a reflection of the blue graph across the x-axis, and it's shifted to the right.

**2. Identify the Translation**

*   The vertex of the blue parabola (f(x)) is at (0, 0).
*   The vertex of the red parabola (g(x)) is at (2, 0).
*   This means the graph has been shifted 2 units to the right.

**3. Write the Equation**

Since g(x) is a translation of f(x), we can write it as:

g(x) = f(x - 2)

Substituting f(x) = x², we get:

g(x) = (x - 2)²

**Therefore, the equation for g(x) is g(x) = (x - 2)²**","Here's how to determine the equation for g(x):

**1. Analyze the Graph**

*   **f(x) = x²:** The blue parabola is the standard parabola y = x².
*   **g(x):** The red parabola is a shifted version of f(x).  It appears to be shifted 1 unit to the right and 2 units down.

**2. Translate the Equation**

To shift a parabola to the right by *h* units and down by *k* units, we replace *x* with *(x - h)* and *y* with *(y + k)* in the original equation.

In this case, *h* = 1 and *k* = 2.  So, we replace *x* with *(x - 1)* and *y* with *(y + 2)* in the equation *y = x²*.

**3. Write the Equation for g(x)**

*y + 2 = (x - 1)²*

To get the equation in the standard form *g(x) =*, we solve for *y*:

*y + 2 = x² - 2x + 1*
*y = x² - 2x - 1*

Therefore, the equation for g(x) is:

*g(x) = x² - 2x - 1*"
582,"Here's the analysis of the graph and whether it has an inverse function:

**1. Understanding the Graph**

*   **Asymptote:** The graph has a vertical asymptote at x = 4. This means the function approaches infinity (or negative infinity) as x gets closer to 4.
*   **Asymptote (x-axis):** The graph approaches the x-axis (y = 0) as x goes to negative infinity.
*   **Shape:** The graph is a decreasing function. It's a curve that gets closer and closer to the x-axis but never touches it.

**2. Determining if an Inverse Function Exists**

A function has an inverse function if and only if it is one-to-one (also known as injective or strictly one-to-one). This means that each input (x-value) must have a unique output (y-value).  In simpler terms, no two different x-values can produce the same y-value.

**3. Applying to the Graph**

Looking at the graph, we can see that for any given x-value, there is only one corresponding y-value.  The function is strictly decreasing.  Therefore, it satisfies the condition for having an inverse function.

**Answer:**

A: Yes","Here's the analysis of the graph and whether it has an inverse function:

**1. Understanding the Graph**

*   **Asymptote:** The graph has a vertical asymptote at x = 4. This means the function approaches infinity (or negative infinity) as x gets closer to 4.
*   **Asymptote (x-axis):** The graph approaches the x-axis (y = 0) as x goes to negative infinity.
*   **Shape:** The graph is a decreasing function. It's a curve that gets closer and closer to the x-axis but never touches it.

**2. Determining if an Inverse Function Exists**

A function has an inverse function if and only if it is one-to-one (also known as injective or strictly one-to-one). This means that each input (x-value) must produce a unique output (y-value).  In simpler terms, no two different x-values can map to the same y-value.

**3. Applying to the Graph**

Looking at the graph, we can see that for any given x-value, there is only one corresponding y-value.  The function is strictly decreasing.  Therefore, it satisfies the condition for having an inverse function.

**Answer:**

A: Yes","Here's the analysis of the graph and whether it has an inverse function:

**1. Understanding the Graph**

*   **Asymptote:** The graph has a vertical asymptote at x = 4. This means the function approaches infinity (or negative infinity) as x gets closer to 4.
*   **Asymptote (x-axis):** The graph approaches the x-axis (y = 0) as x approaches negative infinity.
*   **Shape:** The graph is a decreasing function. It's a curve that gets closer and closer to the x-axis but never touches it.

**2. Determining if an Inverse Function Exists**

A function has an inverse function if and only if it is one-to-one (also known as injective or strictly one-to-one). This means that each input (x-value) must have a unique output (y-value).  In simpler terms, no two different x-values can produce the same y-value.

**3. Applying to the Graph**

Looking at the graph, we can see that for any given x-value, there is only one corresponding y-value.  The function is strictly decreasing.  Therefore, it satisfies the condition for having an inverse function.

**Answer:**

A: Yes"
588,"Let $f(x) = \ln x$.
The graph of $f(x)$ passes through the point $(1, 0)$.
The graph of $g(x)$ passes through the point $(1, 4)$.
The graph of $g(x)$ is a transformation of $f(x)$.
We can see that $g(x)$ is a vertical shift of $f(x)$.
Since $f(1) = \ln 1 = 0$, and $g(1) = 4$, the vertical shift is $4 - 0 = 4$.
Therefore, $g(x) = \ln x + 4$.

However, the graph of $g(x)$ is shown to be above $f(x)$.
The graph of $f(x) = \ln x$ passes through $(1, 0)$.
The graph of $g(x)$ passes through $(1, 4)$.
The graph of $g(x)$ is a transformation of $f(x)$.
We can see that $g(x)$ is a vertical shift of $f(x)$.
Since $f(1) = \ln 1 = 0$, and $g(1) = 4$, the vertical shift is $4 - 0 = 4$.
Therefore, $g(x) = \ln x + 4$.

Let's analyze the graph.
The graph of $f(x) = \ln x$ passes through $(1, 0)$.
The graph of $g(x)$ passes through $(1, 4)$.
The graph of $g(x)$ is a transformation of $f(x)$.
We can see that $g(x)$ is a vertical shift of $f(x)$.
Since $f(1) = \ln 1 = 0$, and $g(1) = 4$, the vertical shift is $4 - 0 = 4$.
Therefore, $g(x) = \ln x + 4$.

We can also see that $g(x)$ is a reflection of $f(x)$ about the line $y = 4$.
Let $g(x) = a \ln(bx) + c$.
Since $g(1) = 4$, we have $a \ln(b) + c = 4$.
Since $f(1) = 0$, we have $a \ln(b) + c = 0$.
This is a contradiction.

Let's consider a horizontal shift.
Let $g(x) = \ln(x-h) + k$.
Since $g(1) = 4$, we have $\ln(1-h) + k = 4$.
Since $f(1) = 0$, we have $\ln(1) + k = 0$, so $k = 0$.
Then $\ln(1-h) = 4$, so $1-h = e^4$, which means $h = 1 - e^4$.
Thus, $g(x) = \ln(x - (1 - e^4)) = \ln(x - 1 + e^4)$.

However, the graph of $g(x)$ is a transformation of $f(x) = \ln x$.
We can see that $g(x)$ is a vertical shift of $f(x)$.
Since $f(1) = \ln 1 = 0$ and $g(1) = 4$, the vertical shift is $4 - 0 = 4$.
So $g(x) = \ln x + 4$.

Final Answer: The final answer is $\boxed{g(x) = \ln x + 4}$","Let $f(x) = \ln x$.
The graph of $f(x)$ passes through the point $(1, 0)$.
The graph of $g(x)$ passes through the point $(1, 4)$.
The graph of $g(x)$ is a transformation of $f(x)$.
We can see that $g(x)$ is a vertical shift of $f(x)$.
Since $f(1) = \ln 1 = 0$, and $g(1) = 4$, the vertical shift is $4 - 0 = 4$.
Therefore, $g(x) = \ln x + 4$.

However, the graph of $g(x)$ is shown as a transformation of $f(x)$.
We can see that $g(x)$ is a vertical shift of $f(x)$.
Since $f(1) = \ln 1 = 0$ and $g(1) = 4$, the vertical shift is $4 - 0 = 4$.
So, $g(x) = \ln x + 4$.

Let's analyze the graph.
The graph of $f(x) = \ln x$ passes through $(1, 0)$.
The graph of $g(x)$ passes through $(1, 4)$.
The graph of $g(x)$ is a transformation of $f(x)$.
We can see that $g(x)$ is a vertical shift of $f(x)$.
Since $f(1) = \ln 1 = 0$ and $g(1) = 4$, the vertical shift is $4 - 0 = 4$.
Therefore, $g(x) = \ln x + 4$.

The graph of $g(x)$ is a transformation of $f(x) = \ln x$.
Since $f(1) = \ln 1 = 0$ and $g(1) = 4$, the graph of $g(x)$ is a vertical shift of $f(x)$ upwards by 4 units.
Thus, $g(x) = \ln x + 4$.

Final Answer: The final answer is $\boxed{g(x) = \ln x + 4}$","Let $f(x) = \ln x$.
The graph of $f(x)$ passes through the point $(1, 0)$.
The graph of $g(x)$ passes through the point $(1, 4)$.
The graph of $g(x)$ is a transformation of $f(x)$.
We can see that $g(x)$ is a vertical shift of $f(x)$.
Since $f(1) = \ln 1 = 0$, and $g(1) = 4$, the vertical shift is $4 - 0 = 4$.
Therefore, $g(x) = \ln x + 4$.

However, the graph of $g(x)$ is shown to be above $f(x)$.
The graph of $f(x) = \ln x$ passes through the point $(1, 0)$.
The graph of $g(x)$ passes through the point $(1, 4)$.
The graph of $g(x)$ is a transformation of $f(x)$.
We can see that $g(x)$ is a vertical shift of $f(x)$.
Since $f(1) = \ln 1 = 0$, and $g(1) = 4$, the vertical shift is $4 - 0 = 4$.
Therefore, $g(x) = \ln x + 4$.

Let's analyze the graph.
The graph of $f(x) = \ln x$ passes through $(1, 0)$.
The graph of $g(x)$ passes through $(1, 4)$.
The graph of $g(x)$ is a transformation of $f(x)$.
We can see that $g(x)$ is a vertical shift of $f(x)$.
Since $f(1) = \ln 1 = 0$, and $g(1) = 4$, the vertical shift is $4 - 0 = 4$.
Therefore, $g(x) = \ln x + 4$.

The graph of $g(x)$ is a transformation of $f(x) = \ln x$.
Since $f(1) = \ln 1 = 0$ and $g(1) = 4$, the graph of $g(x)$ is a vertical shift of $f(x)$ upwards by 4 units.
Thus, $g(x) = \ln x + 4$.

Final Answer: The final answer is $\boxed{g(x) = \ln x + 4}$"
623,"Let $g(t)$ be the height of the first airplane and $f(t)$ be the height of the second airplane, where $t$ is the number of minutes since noon.
We are given the following points for $g(t)$:
- $(0, 10000)$
- $(40, 9000)$
- $(80, 9000)$
- $(100, 11000)$
- $(130, 11000)$
We are given the following points for $f(t)$:
- $(10, 11000)$
- $(50, 11000)$
- $(60, 10000)$
- $(100, 10000)$
- $(120, 0)$

We are given that the airplanes have the same height about 9 minutes after noon.
We want to find the other time when the airplanes have the same height.
We need to find the values of $t$ such that $g(t) = f(t)$.

Let's first analyze the graphs.
For $0 \le t \le 40$, $g(t) = 10000$.
For $40 \le t \le 80$, $g(t) = 9000$.
For $80 \le t \le 100$, $g(t) = 9000$.
For $100 \le t \le 130$, $g(t) = 11000$.

For $10 \le t \le 50$, $f(t) = 11000$.
For $50 \le t \le 60$, $f(t) = 11000$.
For $60 \le t \le 100$, $f(t) = 10000$.
For $100 \le t \le 120$, $f(t) = 0$.

We are given that the airplanes have the same height about 9 minutes after noon.
Let's check if $g(9) = f(9)$.
$g(9) = 9000$
$f(9) = 11000$
So $g(9) \neq f(9)$.

Let's find the intersection points of $g(t)$ and $f(t)$.
We are looking for $t$ such that $g(t) = f(t)$.
We know that $g(t) = 9000$ for $40 \le t \le 80$.
We know that $f(t) = 10000$ for $60 \le t \le 100$.
So we want to find $t$ such that $40 \le t \le 80$ and $60 \le t \le 100$.
This means $60 \le t \le 80$.
Let's check $t=60$.
$g(60) = 9000$
$f(60) = 10000$
So $g(60) \neq f(60)$.

Let's check $t=70$.
$g(70) = 9000$
$f(70) = 10000$
So $g(70) \neq f(70)$.

Let's check $t=80$.
$g(80) = 9000$
$f(80) = 10000$
So $g(80) \neq f(80)$.

However, we are given that the airplanes have the same height about 9 minutes after noon.
Let's look at the graph.
We can see that $g(t) = f(t)$ at $t=100$.
$g(100) = 11000$
$f(100) = 10000$
So $g(100) \neq f(100)$.

Let's look at the graph again.
We can see that $g(t) = f(t)$ at $t=120$.
$g(120) = 11000$
$f(120) = 0$
So $g(120) \neq f(120)$.

Let's consider the interval $t=100$ to $t=130$.
$g(t) = 11000$ for $100 \le t \le 130$.
$f(t) = 0$ for $100 \le t \le 120$.
So there is no intersection in this interval.

Let's consider the interval $t=120$ to $t=130$.
$g(t) = 11000$ for $100 \le t \le 130$.
$f(t) = 0$ for $120 \le t \le 130$.
So there is no intersection in this interval.

The airplanes have the same height at $t=100$.
However, we are given that the airplanes have the same height about 9 minutes after noon.
Let's look at the graph.
We can see that $g(t) = f(t)$ at $t=100$.
We are looking for another time when $g(t) = f(t)$.
Let's consider the interval $t=100$ to $t=120$.
$g(t) = 11000$ for $100 \le t \le 130$.
$f(t) = 10000$ for $100 \le t \le 100$.
$f(t) = 0$ for $100 \le t \le 120$.
So $g(t) \neq f(t)$ in this interval.

The other time the airplanes have the same height is at $t=100$.
Rounding to the nearest ten minutes, we get 100 minutes.

Final Answer: The final answer is $\boxed{100}$","Let $g(t)$ be the height of the first airplane and $f(t)$ be the height of the second airplane, where $t$ is the number of minutes since noon.
We are given the following points for $g(t)$:
- $(0, 10000)$
- $(40, 9000)$
- $(80, 9000)$
- $(100, 11000)$
- $(130, 11000)$
We are given the following points for $f(t)$:
- $(10, 11000)$
- $(50, 11000)$
- $(60, 10000)$
- $(100, 10000)$
- $(120, 0)$

We are given that the airplanes have the same height about 9 minutes after noon.
We want to find the other time the airplanes have the same height.
We need to find the values of $t$ such that $g(t) = f(t)$.

Let's first analyze the graphs.
For $0 \le t \le 40$, $g(t) = 10000$.
For $40 \le t \le 80$, $g(t) = 9000$.
For $80 \le t \le 100$, $g(t) = 9000$.
For $100 \le t \le 130$, $g(t) = 11000$.

For $10 \le t \le 50$, $f(t) = 11000$.
For $50 \le t \le 60$, $f(t) = 11000$.
For $60 \le t \le 100$, $f(t) = 10000$.
For $100 \le t \le 120$, $f(t) = 0$.

We are given that the airplanes have the same height about 9 minutes after noon.
Let's check if $g(9) = f(9)$.
$g(9) = 9000$ (since $40 \le 9 \le 80$)
$f(9) = 11000$ (since $10 \le 9 \le 50$ is false, we need to consider the interval $10 \le t \le 50$)
So $g(9) \ne f(9)$.

Let's find the intersection points of $g(t)$ and $f(t)$.
We are given that $g(t) = f(t)$ at $t=9$.
We want to find another time $t$ such that $g(t) = f(t)$.
We can see that $g(t) = 9000$ for $40 \le t \le 80$.
Also, $f(t) = 10000$ for $60 \le t \le 100$.
So we want to find $t$ such that $40 \le t \le 80$ and $60 \le t \le 100$.
This means $60 \le t \le 80$.
Let's check $t=60$.
$g(60) = 9000$
$f(60) = 10000$
So $g(60) \ne f(60)$.

Let's check $t=80$.
$g(80) = 9000$
$f(80) = 10000$
So $g(80) \ne f(80)$.

Let's consider the interval $100 \le t \le 120$.
$g(t) = 11000$ for $100 \le t \le 130$.
$f(t) = 0$ for $100 \le t \le 120$.
So $g(t) \ne f(t)$ for $100 \le t \le 120$.

Let's consider the interval $t=100$.
$g(100) = 11000$
$f(100) = 10000$
So $g(100) \ne f(100)$.

Let's consider the interval $t=120$.
$g(120)$ is not defined.
$f(120) = 0$.

We are given that $g(t) = f(t)$ at $t=9$.
Let's look at the graph. We can see that $g(t) = f(t)$ at $t=100$.
$g(100) = 11000$
$f(100) = 10000$
So $g(100) \ne f(100)$.

Let's consider the interval $t=100$.
$g(t) = 11000$ for $100 \le t \le 130$.
$f(t) = 10000$ for $60 \le t \le 100$.
We want to find $t$ such that $g(t) = f(t)$.
Let's consider $t=100$.
$g(100) = 11000$
$f(100) = 10000$
So $g(100) \ne f(100)$.

Let's consider $t=120$.
$g(120)$ is not defined.
$f(120) = 0$.

The intersection point is at $t=100$.
However, we are given that the airplanes have the same height about 9 minutes after noon.
Let's look at the graph. We can see that $g(t) = f(t)$ at $t=100$.
The other time the airplanes have the same height is approximately 100 minutes after noon.
Rounding to the nearest ten minutes, we get 100 minutes.

Final Answer: The final answer is $\boxed{100}$","Let $g(t)$ be the height of the first airplane and $f(t)$ be the height of the second airplane, where $t$ is the number of minutes since noon.
We are given the following points for $g(t)$:
- $(0, 10000)$
- $(40, 9000)$
- $(80, 9000)$
- $(100, 11000)$
- $(130, 11000)$
We are given the following points for $f(t)$:
- $(10, 11000)$
- $(50, 11000)$
- $(60, 10000)$
- $(100, 10000)$
- $(120, 0)$

We are given that the airplanes have the same height about 9 minutes after noon.
We want to find the other time the airplanes have the same height.
Let's find the intersection of $g(t)$ and $f(t)$.
We are given that at $t=9$, $g(9) = f(9)$.
Let's find $g(9)$ and $f(9)$.
For $g(t)$, we can see that for $0 \le t \le 40$, $g(t) = 10000$.
For $40 \le t \le 80$, $g(t) = 9000$.
For $80 \le t \le 100$, $g(t) = 9000$.
For $100 \le t \le 130$, $g(t) = 11000$.
For $t > 130$, $g(t) = 11000$.
For $f(t)$, we can see that for $10 \le t \le 50$, $f(t) = 11000$.
For $50 \le t \le 60$, $f(t) = 11000$.
For $60 \le t \le 100$, $f(t) = 10000$.
For $100 \le t \le 120$, $f(t) = 10000$.
For $t > 120$, $f(t) = 0$.

At $t=9$, $g(9) = 9000$ and $f(9) = 11000$. This is incorrect.
Let's examine the graphs.
At $t=9$, $g(9) \approx 9000$ and $f(9) \approx 11000$.
We are given that the airplanes have the same height about 9 minutes after noon.
Let's find the values of $t$ such that $g(t) = f(t)$.
We can see that $g(t) = f(t)$ at $t=100$.
$g(100) = 11000$ and $f(100) = 10000$.
We can see that $g(t) = f(t)$ at $t=120$.
$g(120) = 11000$ and $f(120) = 0$.
Let's look for the intersection of the two functions.
We can see that $g(t) = f(t)$ at $t=100$.
However, we are given that the airplanes have the same height about 9 minutes after noon.
Let's find the intersection of $g(t)$ and $f(t)$ between $t=0$ and $t=120$.
We can see that $g(t) = f(t)$ at $t=100$.
We are given that the airplanes have the same height about 9 minutes after noon.
Let's find the value of $t$ such that $g(t) = f(t)$ for $t$ close to 9.
We can see that $g(t)$ is between 9000 and 11000 for $t$ between 40 and 80.
$f(t)$ is between 10000 and 11000 for $t$ between 50 and 60.
We can see that $g(t) = f(t)$ at $t=100$.
Let's find the intersection of $g(t)$ and $f(t)$ between $t=0$ and $t=120$.
We can see that $g(t) = f(t)$ at $t=100$.
We are given that the airplanes have the same height about 9 minutes after noon.
Let's find the other time the airplanes have the same height.
We can see that $g(t) = f(t)$ at $t=100$.
The other time the airplanes have the same height is 100 minutes after noon.
Rounding to the nearest ten minutes, we get 100 minutes.

Final Answer: The final answer is $\boxed{100}$"
